商品タイトル,ブランド名,商品URL,金額,購入者数,ASIN,タグ,レビュー数,会社評価,会社ページ,会社名,会社電話番号,会社住所
L-Athna 超軽量ねんど 24色ねんどセット 自然乾燥 3本ツール付き 遊び方ブック付き 人物アクセサリーいっぱい 安全無毒 無臭 ハンドメイド DIYセット 女の子 男の子 小学生 ストレス解消 手作り 粘土 陶芸 誕生日 クリスマス プレゼント,L-Athna,https://www.amazon.co.jp/sspa/click?ie=UTF8&spc=MTo1NDA3ODQ5MTE5MzQzOTU6MTc0MjQ4OTU1ODpzcF9hdGY6MTA1NDIzMTI1NTAzOjowOjo&url=%2FL-Athna-24%25E8%2589%25B2%25E3%2581%25AD%25E3%2582%2593%25E3%2581%25A9%25E3%2582%25BB%25E3%2583%2583%25E3%2583%2588-4%25E6%259C%25AC%25E3%2583%2584%25E3%2583%25BC%25E3%2583%25AB%25E4%25BB%2598%25E3%2581%258D-%25E9%2581%258A%25E3%2581%25B3%25E6%2596%25B9%25E3%2583%2596%25E3%2583%2583%25E3%2582%25AF%25E4%25BB%2598%25E3%2581%258D-%25E4%25BA%25BA%25E7%2589%25A9%25E3%2582%25A2%25E3%2582%25AF%25E3%2582%25BB%25E3%2582%25B5%25E3%2583%25AA%25E3%2583%25BC%25E3%2581%2584%25E3%2581%25A3%25E3%2581%25B1%25E3%2581%2584%2Fdp%2FB08HCMVKXX%2Fref%3Dsr_1_1_sspa%3Fdib%3DeyJ2IjoiMSJ9.u-4ka6nIqBpPsKAzkN9zwPxAF_-TPKuQkK6nhHiO45jbvg2TL_HuhPdVSUmQ8eLJth-kKGj8r9aFFftqHwGnJ7KkSFYCO3Fn7Eat992htCa24cEHT29ef5QGSCJTInf4wHq7LIdg_pfZi1TqLsIsyHGddW1sJi59FS7HJFiXt-gWEikcC_PiO0XUHYH-Eic9QP_i75deH5G5nENtzYhUspEVAVcj1rsBR46587gsycpk6gQ9jpNTCtnEwHFkFBuRqfmvUBILbNlxc8zTmdcrNHO6q8-jF4Ny5TMay7HS98c.Q6Kgrg_8jpG22MGvYZcQ9JiYWDlYOevOkY9s8FLeXzk%26dib_tag%3Dse%26keywords%3D%25E3%2581%25AD%25E3%2582%2593%25E3%2581%25A9%26qid%3D1742489558%26sr%3D8-1-spons%26sp_csd%3Dd2lkZ2V0TmFtZT1zcF9hdGY%26psc%3D1,"2,269",過去1か月で50点以上購入されました,B08HCMVKXX,,205,過去12ヵ月間で90％が肯定的 (評価：10),https://www.amazon.co.jp/gp/help/seller/at-a-glance.html/ref=dp_merchant_link?ie=UTF8&seller=A2UVPKNC3UQZP8&asin=B08HCMVKXX&ref_=dp_merchant_link&isAmazonFulfilled=1,shenzhenshi rongshun waimaoyouxiangongsi,+86 181 6608 3950,"Room 1011,No.1-1,Hebeilaocun,Bantian Road,Longgang District,Room 1011,No.1-1,Hebeilaocun,Shenzhen,Guangdong,518000,CN"
CORPER TOYS ねんど 小麦ねんど 12色 ねんどセット 押し型 抜き型 鍋 食器 55点 豪華セット BBQ 火鍋 しゃぶしゃぶ 料理ごっこ遊び キッチンおもちゃ おままごと 粘土おもちゃ クリスマス プレゼント,,https://www.amazon.co.jp/sspa/click?ie=UTF8&spc=MTo1NDA3ODQ5MTE5MzQzOTU6MTc0MjQ4OTU1ODpzcF9hdGY6MzAwMDEzMjkxODk3MzYyOjowOjo&url=%2FCORPER-TOYS-%25E3%2581%25AD%25E3%2582%2593%25E3%2581%25A9%25E3%2582%25BB%25E3%2583%2583%25E3%2583%2588-%25E6%2596%2599%25E7%2590%2586%25E3%2581%2594%25E3%2581%25A3%25E3%2581%2593%25E9%2581%258A%25E3%2581%25B3-%25E3%2582%25AD%25E3%2583%2583%25E3%2583%2581%25E3%2583%25B3%25E3%2581%258A%25E3%2582%2582%25E3%2581%25A1%25E3%2582%2583%2Fdp%2FB0B764KMV1%2Fref%3Dsr_1_2_sspa%3Fdib%3DeyJ2IjoiMSJ9.u-4ka6nIqBpPsKAzkN9zwPxAF_-TPKuQkK6nhHiO45jbvg2TL_HuhPdVSUmQ8eLJth-kKGj8r9aFFftqHwGnJ7KkSFYCO3Fn7Eat992htCa24cEHT29ef5QGSCJTInf4wHq7LIdg_pfZi1TqLsIsyHGddW1sJi59FS7HJFiXt-gWEikcC_PiO0XUHYH-Eic9QP_i75deH5G5nENtzYhUspEVAVcj1rsBR46587gsycpk6gQ9jpNTCtnEwHFkFBuRqfmvUBILbNlxc8zTmdcrNHO6q8-jF4Ny5TMay7HS98c.Q6Kgrg_8jpG22MGvYZcQ9JiYWDlYOevOkY9s8FLeXzk%26dib_tag%3Dse%26keywords%3D%25E3%2581%25AD%25E3%2582%2593%25E3%2581%25A9%26qid%3D1742489558%26sr%3D8-2-spons%26sp_csd%3Dd2lkZ2V0TmFtZT1zcF9hdGY%26psc%3D1,"3,799",,B0B764KMV1,,4,過去12ヵ月間で95％が肯定的 (評価：22),https://www.amazon.co.jp/gp/help/seller/at-a-glance.html/ref=dp_merchant_link?ie=UTF8&seller=A3NL5IZVNVBRFQ&asin=B0B764KMV1&ref_=dp_merchant_link&isAmazonFulfilled=1,changchunshihuanghaipingmaoyiyouxiangongsi,+8619875737843,"kuanchengqu yataidajiezhonghuang,6qu14, 15, 17haol,changchunshi,jilinsheng,130000,CN"
ハズブロ(HASBRO) プレイ・ドー 【Amazon.co.jp限定】やさいとフルーツのファーマーズマーケット x 8色セット セット プレイドー 粘土 ねんど Play doh Play-Doh 3歳以上,Amazon.co.jp,https://www.amazon.co.jp/sspa/click?ie=UTF8&spc=MTo1NDA3ODQ5MTE5MzQzOTU6MTc0MjQ4OTU1ODpzcF9hdGY6MzAwMDg2OTM2ODI2MzYyOjowOjo&url=%2F%25E3%2583%258F%25E3%2582%25BA%25E3%2583%2596%25E3%2583%25AD-HASBRO-%25E3%2583%2597%25E3%2583%25AC%25E3%2582%25A4%25E3%2583%25BB%25E3%2583%2589%25E3%2583%25BC-%25E3%2580%2590Amazon-co-jp%25E9%2599%2590%25E5%25AE%259A%25E3%2580%2591%25E3%2582%2584%25E3%2581%2595%25E3%2581%2584%25E3%2581%25A8%25E3%2583%2595%25E3%2583%25AB%25E3%2583%25BC%25E3%2583%2584%25E3%2581%25AE%25E3%2583%2595%25E3%2582%25A1%25E3%2583%25BC%25E3%2583%259E%25E3%2583%25BC%25E3%2582%25BA%25E3%2583%259E%25E3%2583%25BC%25E3%2582%25B1%25E3%2583%2583%25E3%2583%2588-Play-Doh%2Fdp%2FB0CYYPF87F%2Fref%3Dsr_1_3_sspa%3Fdib%3DeyJ2IjoiMSJ9.u-4ka6nIqBpPsKAzkN9zwPxAF_-TPKuQkK6nhHiO45jbvg2TL_HuhPdVSUmQ8eLJth-kKGj8r9aFFftqHwGnJ7KkSFYCO3Fn7Eat992htCa24cEHT29ef5QGSCJTInf4wHq7LIdg_pfZi1TqLsIsyHGddW1sJi59FS7HJFiXt-gWEikcC_PiO0XUHYH-Eic9QP_i75deH5G5nENtzYhUspEVAVcj1rsBR46587gsycpk6gQ9jpNTCtnEwHFkFBuRqfmvUBILbNlxc8zTmdcrNHO6q8-jF4Ny5TMay7HS98c.Q6Kgrg_8jpG22MGvYZcQ9JiYWDlYOevOkY9s8FLeXzk%26dib_tag%3Dse%26keywords%3D%25E3%2581%25AD%25E3%2582%2593%25E3%2581%25A9%26qid%3D1742489558%26sr%3D8-3-spons%26sp_csd%3Dd2lkZ2V0TmFtZT1zcF9hdGY%26psc%3D1,,,B0CYYPF87F,ギフトとしてよく贈られている商品1位,1245,Amazon.co.jpのため取得不可,Amazon.co.jpのため取得不可,,Amazon.co.jpのため取得不可,Amazon.co.jpのため取得不可
造形ねんど 1kg ブラック 【5個】,画材・ものづくりARTLOCO（アートロコ）,https://www.amazon.co.jp/sspa/click?ie=UTF8&spc=MTo1NDA3ODQ5MTE5MzQzOTU6MTc0MjQ4OTU1ODpzcF9hdGY6MzAwMDAxMjIyMzY5ODYyOjowOjo&url=%2F%25E7%25BE%258E%25E8%25A1%2593%25E5%2587%25BA%25E7%2589%2588%25E3%2582%25A8%25E3%2583%2587%25E3%2583%25A5%25E3%2582%25B1%25E3%2583%25BC%25E3%2582%25B7%25E3%2583%25A7%25E3%2583%258A%25E3%2583%25AB-%25E9%2580%25A0%25E5%25BD%25A2%25E3%2581%25AD%25E3%2582%2593%25E3%2581%25A9-1kg-%25E3%2583%2596%25E3%2583%25A9%25E3%2583%2583%25E3%2582%25AF-%25E3%2580%25905%25E5%2580%258B%25E3%2580%2591%2Fdp%2FB0C8N4475J%2Fref%3Dsr_1_4_sspa%3Fdib%3DeyJ2IjoiMSJ9.u-4ka6nIqBpPsKAzkN9zwPxAF_-TPKuQkK6nhHiO45jbvg2TL_HuhPdVSUmQ8eLJth-kKGj8r9aFFftqHwGnJ7KkSFYCO3Fn7Eat992htCa24cEHT29ef5QGSCJTInf4wHq7LIdg_pfZi1TqLsIsyHGddW1sJi59FS7HJFiXt-gWEikcC_PiO0XUHYH-Eic9QP_i75deH5G5nENtzYhUspEVAVcj1rsBR46587gsycpk6gQ9jpNTCtnEwHFkFBuRqfmvUBILbNlxc8zTmdcrNHO6q8-jF4Ny5TMay7HS98c.Q6Kgrg_8jpG22MGvYZcQ9JiYWDlYOevOkY9s8FLeXzk%26dib_tag%3Dse%26keywords%3D%25E3%2581%25AD%25E3%2582%2593%25E3%2581%25A9%26qid%3D1742489558%26sr%3D8-4-spons%26sp_csd%3Dd2lkZ2V0TmFtZT1zcF9hdGY%26psc%3D1,"1,100",,B0C8N4475J,,,過去12ヵ月間で96％が肯定的 (評価：350),https://www.amazon.co.jp/gp/help/seller/at-a-glance.html/ref=dp_merchant_link?ie=UTF8&seller=AD1SMLW7FDC6I&asin=B0C8N4475J&ref_=dp_merchant_link,株式会社美術出版エデュケーショナル,03-5947-4511,"左門町１−１,新宿区,東京都,1600017,JP"
ギンポー お米のねんどパステル9色セット A-RD9PZFR あそびっこ 銀鳥産業,Amazon.co.jp,https://www.amazon.co.jp/%E3%82%AE%E3%83%B3%E3%83%9D%E3%83%BC-%E3%81%8A%E7%B1%B3%E3%81%AE%E3%81%AD%E3%82%93%E3%81%A9%E3%83%91%E3%82%B9%E3%83%86%E3%83%AB9%E8%89%B2%E3%82%BB%E3%83%83%E3%83%88-A-RD9PZFR-%E3%81%82%E3%81%9D%E3%81%B3%E3%81%A3%E3%81%93-%E9%8A%80%E9%B3%A5%E7%94%A3%E6%A5%AD/dp/B09ZX9963X/ref=sr_1_5?dib=eyJ2IjoiMSJ9.u-4ka6nIqBpPsKAzkN9zwPxAF_-TPKuQkK6nhHiO45jbvg2TL_HuhPdVSUmQ8eLJth-kKGj8r9aFFftqHwGnJ7KkSFYCO3Fn7Eat992htCa24cEHT29ef5QGSCJTInf4wHq7LIdg_pfZi1TqLsIsyHGddW1sJi59FS7HJFiXt-gWEikcC_PiO0XUHYH-Eic9QP_i75deH5G5nENtzYhUspEVAVcj1rsBR46587gsycpk6gQ9jpNTCtnEwHFkFBuRqfmvUBILbNlxc8zTmdcrNLoXiS-OE3Ll-yVG7rl_2F0bVio_MHYOiSTvy7pmjVmysaT1ZXOOMQhf6aU5gNiRG1oy0FIb_KPN3jfy72A7rEXVmT05ehQ12dIUF2mJuqgZyY8BRt3-lL12HH0ltPTOX0uxYnc6Ctmw5RTn8lxhAT_fQ-H0eZgCuSpIVDlybNYY.VZIJwDwp4CSBL20rs0YiwDHc9dGOOrxpuz_JFZha2i4&dib_tag=se&keywords=%E3%81%AD%E3%82%93%E3%81%A9&qid=1742489558&sr=8-5,573,過去1か月で1000点以上購入されました,B09ZX9963X,,43,Amazon.co.jpのため取得不可,Amazon.co.jpのため取得不可,,Amazon.co.jpのため取得不可,Amazon.co.jpのため取得不可
ハズブロ(HASBRO) 約56g 8色入りレインボーカラーのプレイ・ドー、新学期用品、2才以上のプリスクールの子供向け、子供向けのアート&クラフト 粘土 ねんど、こどもの日、子供の日プレゼント,Amazon.co.jp,https://www.amazon.co.jp/%E3%83%8F%E3%82%BA%E3%83%96%E3%83%AD-HASBRO-8%E8%89%B2%E5%85%A5%E3%82%8A%E3%83%AC%E3%82%A4%E3%83%B3%E3%83%9C%E3%83%BC%E3%82%AB%E3%83%A9%E3%83%BC%E3%81%AE%E3%83%97%E3%83%AC%E3%82%A4%E3%83%BB%E3%83%89%E3%83%BC%E3%80%81%E6%96%B0%E5%AD%A6%E6%9C%9F%E7%94%A8%E5%93%81%E3%80%812%E6%89%8D%E4%BB%A5%E4%B8%8A%E3%81%AE%E3%83%97%E3%83%AA%E3%82%B9%E3%82%AF%E3%83%BC%E3%83%AB%E3%81%AE%E5%AD%90%E4%BE%9B%E5%90%91%E3%81%91%E3%80%81%E5%AD%90%E4%BE%9B%E5%90%91%E3%81%91%E3%81%AE%E3%82%A2%E3%83%BC%E3%83%88-%E3%81%AD%E3%82%93%E3%81%A9%E3%80%81%E3%81%93%E3%81%A9%E3%82%82%E3%81%AE%E6%97%A5%E3%80%81%E5%AD%90%E4%BE%9B%E3%81%AE%E6%97%A5%E3%83%97%E3%83%AC%E3%82%BC%E3%83%B3%E3%83%88-%E3%82%AF%E3%83%AA%E3%82%B9%E3%83%9E%E3%82%B9%E3%83%97%E3%83%AC%E3%82%BC%E3%83%B3%E3%83%88/dp/B07MV23FLN/ref=sr_1_6?dib=eyJ2IjoiMSJ9.u-4ka6nIqBpPsKAzkN9zwPxAF_-TPKuQkK6nhHiO45jbvg2TL_HuhPdVSUmQ8eLJth-kKGj8r9aFFftqHwGnJ7KkSFYCO3Fn7Eat992htCa24cEHT29ef5QGSCJTInf4wHq7LIdg_pfZi1TqLsIsyHGddW1sJi59FS7HJFiXt-gWEikcC_PiO0XUHYH-Eic9QP_i75deH5G5nENtzYhUspEVAVcj1rsBR46587gsycpk6gQ9jpNTCtnEwHFkFBuRqfmvUBILbNlxc8zTmdcrNLoXiS-OE3Ll-yVG7rl_2F0bVio_MHYOiSTvy7pmjVmysaT1ZXOOMQhf6aU5gNiRG1oy0FIb_KPN3jfy72A7rEXVmT05ehQ12dIUF2mJuqgZyY8BRt3-lL12HH0ltPTOX0uxYnc6Ctmw5RTn8lxhAT_fQ-H0eZgCuSpIVDlybNYY.VZIJwDwp4CSBL20rs0YiwDHc9dGOOrxpuz_JFZha2i4&dib_tag=se&keywords=%E3%81%AD%E3%82%93%E3%81%A9&qid=1742489558&sr=8-6,725,過去1か月で600点以上購入されました,B07MV23FLN,ギフトとしてよく贈られている商品1位,1245,Amazon.co.jpのため取得不可,Amazon.co.jpのため取得不可,,Amazon.co.jpのため取得不可,Amazon.co.jpのため取得不可
【みんなでたのしい! こむぎねんど セット 12色】 知育玩具のシルバーバック 幼稚園 小学校 入園 入学 お祝い プレゼント 準備 ([バラエティ]),Amazon.co.jp,https://www.amazon.co.jp/%E3%81%BF%E3%82%93%E3%81%AA%E3%81%A7%E3%81%9F%E3%81%AE%E3%81%97%E3%81%84-%E3%81%93%E3%82%80%E3%81%8E%E3%81%AD%E3%82%93%E3%81%A9-%E3%82%BB%E3%83%83%E3%83%88-12%E8%89%B2-%E3%83%90%E3%83%A9%E3%82%A8%E3%83%86%E3%82%A3/dp/4861487315/ref=sr_1_7?dib=eyJ2IjoiMSJ9.u-4ka6nIqBpPsKAzkN9zwPxAF_-TPKuQkK6nhHiO45jbvg2TL_HuhPdVSUmQ8eLJth-kKGj8r9aFFftqHwGnJ7KkSFYCO3Fn7Eat992htCa24cEHT29ef5QGSCJTInf4wHq7LIdg_pfZi1TqLsIsyHGddW1sJi59FS7HJFiXt-gWEikcC_PiO0XUHYH-Eic9QP_i75deH5G5nENtzYhUspEVAVcj1rsBR46587gsycpk6gQ9jpNTCtnEwHFkFBuRqfmvUBILbNlxc8zTmdcrNLoXiS-OE3Ll-yVG7rl_2F0bVio_MHYOiSTvy7pmjVmysaT1ZXOOMQhf6aU5gNiRG1oy0FIb_KPN3jfy72A7rEXVmT05ehQ12dIUF2mJuqgZyY8BRt3-lL12HH0ltPTOX0uxYnc6Ctmw5RTn8lxhAT_fQ-H0eZgCuSpIVDlybNYY.VZIJwDwp4CSBL20rs0YiwDHc9dGOOrxpuz_JFZha2i4&dib_tag=se&keywords=%E3%81%AD%E3%82%93%E3%81%A9&qid=1742489558&sr=8-7,900,過去1か月で700点以上購入されました,4861487315,,35,Amazon.co.jpのため取得不可,Amazon.co.jpのため取得不可,,Amazon.co.jpのため取得不可,Amazon.co.jpのため取得不可
デビカ 油ねんど ５００ｇ,SK堂本店,https://www.amazon.co.jp/%E3%83%87%E3%83%93%E3%82%AB-Debika-090148-%E6%B2%B9%E3%81%AD%E3%82%93%E3%81%A9-500%EF%BD%87/dp/B001CT9RA2/ref=sr_1_8?dib=eyJ2IjoiMSJ9.u-4ka6nIqBpPsKAzkN9zwPxAF_-TPKuQkK6nhHiO45jbvg2TL_HuhPdVSUmQ8eLJth-kKGj8r9aFFftqHwGnJ7KkSFYCO3Fn7Eat992htCa24cEHT29ef5QGSCJTInf4wHq7LIdg_pfZi1TqLsIsyHGddW1sJi59FS7HJFiXt-gWEikcC_PiO0XUHYH-Eic9QP_i75deH5G5nENtzYhUspEVAVcj1rsBR46587gsycpk6gQ9jpNTCtnEwHFkFBuRqfmvUBILbNlxc8zTmdcrNLoXiS-OE3Ll-yVG7rl_2F0bVio_MHYOiSTvy7pmjVmysaT1ZXOOMQhf6aU5gNiRG1oy0FIb_KPN3jfy72A7rEXVmT05ehQ12dIUF2mJuqgZyY8BRt3-lL12HH0ltPTOX0uxYnc6Ctmw5RTn8lxhAT_fQ-H0eZgCuSpIVDlybNYY.VZIJwDwp4CSBL20rs0YiwDHc9dGOOrxpuz_JFZha2i4&dib_tag=se&keywords=%E3%81%AD%E3%82%93%E3%81%A9&qid=1742489558&sr=8-8,498,過去1か月で1000点以上購入されました,B001CT9RA2,Amazonおすすめ,104,過去12ヵ月間で100％が肯定的 (評価：444),https://www.amazon.co.jp/gp/help/seller/at-a-glance.html/ref=dp_merchant_link?ie=UTF8&seller=A2WYA7TOJG50FJ&asin=B001CT9RA2&ref_=dp_merchant_link&isAmazonFulfilled=1,SK堂本店,0120899543,"常盤９－１１－２,ローレルコート浦和常盤２０３,さいたま市浦和区,埼玉県,3300856,JP"
たっぷりつくれる! アンパンマンねんどパンこうじょう(対象年齢:3歳以上),Amazon.co.jp,https://www.amazon.co.jp/%E3%83%90%E3%83%B3%E3%83%80%E3%82%A4-BANDAI-%E3%81%9F%E3%81%A3%E3%81%B7%E3%82%8A%E3%81%A4%E3%81%8F%E3%82%8C%E3%82%8B%EF%BC%81%E3%82%A2%E3%83%B3%E3%83%91%E3%83%B3%E3%83%9E%E3%83%B3%E3%81%AD%E3%82%93%E3%81%A9%E3%83%91%E3%83%B3%E3%81%93%E3%81%86%E3%81%98%E3%82%87%E3%81%86/dp/B09S5NJYTP/ref=sr_1_9?dib=eyJ2IjoiMSJ9.u-4ka6nIqBpPsKAzkN9zwPxAF_-TPKuQkK6nhHiO45jbvg2TL_HuhPdVSUmQ8eLJth-kKGj8r9aFFftqHwGnJ7KkSFYCO3Fn7Eat992htCa24cEHT29ef5QGSCJTInf4wHq7LIdg_pfZi1TqLsIsyHGddW1sJi59FS7HJFiXt-gWEikcC_PiO0XUHYH-Eic9QP_i75deH5G5nENtzYhUspEVAVcj1rsBR46587gsycpk6gQ9jpNTCtnEwHFkFBuRqfmvUBILbNlxc8zTmdcrNLoXiS-OE3Ll-yVG7rl_2F0bVio_MHYOiSTvy7pmjVmysaT1ZXOOMQhf6aU5gNiRG1oy0FIb_KPN3jfy72A7rEXVmT05ehQ12dIUF2mJuqgZyY8BRt3-lL12HH0ltPTOX0uxYnc6Ctmw5RTn8lxhAT_fQ-H0eZgCuSpIVDlybNYY.VZIJwDwp4CSBL20rs0YiwDHc9dGOOrxpuz_JFZha2i4&dib_tag=se&keywords=%E3%81%AD%E3%82%93%E3%81%A9&qid=1742489558&sr=8-9,"2,727",過去1か月で200点以上購入されました,B09S5NJYTP,ギフトとしてよく贈られている商品2位,75,Amazon.co.jpのため取得不可,Amazon.co.jpのため取得不可,,Amazon.co.jpのため取得不可,Amazon.co.jpのため取得不可
アガツマ(AGATSUMA) ねんDo! 30×15×3cm 24色セット,Amazon.co.jp,https://www.amazon.co.jp/%E3%82%A2%E3%82%AC%E3%83%84%E3%83%9E-AGATSUMA-%E3%81%AD%E3%82%93Do-24%E8%89%B2%E3%82%BB%E3%83%83%E3%83%88/dp/B08N25D69B/ref=sr_1_10?dib=eyJ2IjoiMSJ9.u-4ka6nIqBpPsKAzkN9zwPxAF_-TPKuQkK6nhHiO45jbvg2TL_HuhPdVSUmQ8eLJth-kKGj8r9aFFftqHwGnJ7KkSFYCO3Fn7Eat992htCa24cEHT29ef5QGSCJTInf4wHq7LIdg_pfZi1TqLsIsyHGddW1sJi59FS7HJFiXt-gWEikcC_PiO0XUHYH-Eic9QP_i75deH5G5nENtzYhUspEVAVcj1rsBR46587gsycpk6gQ9jpNTCtnEwHFkFBuRqfmvUBILbNlxc8zTmdcrNLoXiS-OE3Ll-yVG7rl_2F0bVio_MHYOiSTvy7pmjVmysaT1ZXOOMQhf6aU5gNiRG1oy0FIb_KPN3jfy72A7rEXVmT05ehQ12dIUF2mJuqgZyY8BRt3-lL12HH0ltPTOX0uxYnc6Ctmw5RTn8lxhAT_fQ-H0eZgCuSpIVDlybNYY.VZIJwDwp4CSBL20rs0YiwDHc9dGOOrxpuz_JFZha2i4&dib_tag=se&keywords=%E3%81%AD%E3%82%93%E3%81%A9&qid=1742489558&sr=8-10,871,過去1か月で200点以上購入されました,B08N25D69B,,57,Amazon.co.jpのため取得不可,Amazon.co.jpのため取得不可,,Amazon.co.jpのため取得不可,Amazon.co.jpのため取得不可
